-- Seed data for Nexus Planner
-- Based on 파울러스 2025년 계약현황 실제 데이터

-- ============================================
-- MOCK USER IDS
-- ============================================
-- u1: 00000000-0000-0000-0000-000000000001 (Paul Kim - Admin)
-- u2: 00000000-0000-0000-0000-000000000002 (정승채 - Manager/Production)
-- u3: 00000000-0000-0000-0000-000000000003 (박민규 - Manager/Production)
-- u4: 00000000-0000-0000-0000-000000000004 (백송희 - Member/Production)
-- u5: 00000000-0000-0000-0000-000000000005 (최형진 - Member/Production)

-- ============================================
-- PROFILES
-- ============================================
INSERT INTO profiles (id, name, avatar, role, department, work_status) VALUES
('00000000-0000-0000-0000-000000000001', 'Paul Kim', '', 'ADMIN', 'Management', 'NOT_AT_WORK'),
('00000000-0000-0000-0000-000000000002', '정승채', '', 'MANAGER', 'Production', 'NOT_AT_WORK'),
('00000000-0000-0000-0000-000000000003', '박민규', '', 'MANAGER', 'Production', 'NOT_AT_WORK'),
('00000000-0000-0000-0000-000000000004', '백송희', '', 'MEMBER', 'Production', 'NOT_AT_WORK'),
('00000000-0000-0000-0000-000000000005', '최형진', '', 'MEMBER', 'Production', 'NOT_AT_WORK')
ON CONFLICT (id) DO NOTHING;

-- ============================================
-- PROJECTS (2025년 실제 계약 데이터)
-- ============================================
INSERT INTO projects (
  id, title, client, status, type, priority, start_date, end_date, description,
  progress, pm_id, team_member_ids, health_schedule, health_workload, health_budget,
  tasks_completed, tasks_total, budget, currency, key_color
) VALUES
('p1', '현대글로비스 메인영상 / 브랜드필름 제작', '현대글로비스', 'COMPLETED', 'EXECUTION', 'HIGH',
 '2025-01-01', '2025-03-31', '현대글로비스 메인영상 및 브랜드필름 제작 프로젝트', 100,
 '00000000-0000-0000-0000-000000000001',
 ARRAY['00000000-0000-0000-0000-000000000001','00000000-0000-0000-0000-000000000002','00000000-0000-0000-0000-000000000003']::UUID[],
 'ON_TRACK', 'BALANCED', 'HEALTHY', 12, 12, 500900000, 'KRW', '#002E6E'),

('p2', '현대글로비스 2025 홍보영상 리뉴얼', '현대글로비스', 'COMPLETED', 'EXECUTION', 'MEDIUM',
 '2025-01-01', '2025-02-28', '현대글로비스 홍보영상 리뉴얼 프로젝트', 100,
 '00000000-0000-0000-0000-000000000001',
 ARRAY['00000000-0000-0000-0000-000000000001','00000000-0000-0000-0000-000000000002']::UUID[],
 'ON_TRACK', 'BALANCED', 'HEALTHY', 6, 6, 27700000, 'KRW', '#1A3D7C'),

('p3', '탄소발자국이 적은 지속 가능한 미국대두', 'US Soy', 'COMPLETED', 'EXECUTION', 'MEDIUM',
 '2025-01-01', '2025-03-15', '미국대두 지속가능성 홍보영상 제작', 100,
 '00000000-0000-0000-0000-000000000002',
 ARRAY['00000000-0000-0000-0000-000000000002','00000000-0000-0000-0000-000000000003']::UUID[],
 'ON_TRACK', 'BALANCED', 'HEALTHY', 8, 8, 80000000, 'KRW', '#4CAF50'),

('p4', '국가대표 나라장터, 한계를 넘다', '조달청', 'COMPLETED', 'EXECUTION', 'MEDIUM',
 '2025-02-01', '2025-04-30', '나라장터 홍보 캠페인 영상', 100,
 '00000000-0000-0000-0000-000000000002',
 ARRAY['00000000-0000-0000-0000-000000000002','00000000-0000-0000-0000-000000000004']::UUID[],
 'ON_TRACK', 'BALANCED', 'HEALTHY', 7, 7, 45454545, 'KRW', '#1976D2'),

('p5', 'McCain Corporate Campaign', 'McCain', 'COMPLETED', 'EXECUTION', 'MEDIUM',
 '2025-03-01', '2025-05-31', 'McCain 글로벌 기업 캠페인 영상 제작', 100,
 '00000000-0000-0000-0000-000000000002',
 ARRAY['00000000-0000-0000-0000-000000000002','00000000-0000-0000-0000-000000000003']::UUID[],
 'ON_TRACK', 'BALANCED', 'HEALTHY', 6, 6, 56698000, 'KRW', '#D32F2F'),

('p6', 'HMG 배터리데이', '현대자동차그룹', 'COMPLETED', 'EXECUTION', 'HIGH',
 '2025-03-01', '2025-04-15', '현대자동차그룹 배터리데이 행사 영상 제작', 100,
 '00000000-0000-0000-0000-000000000003',
 ARRAY['00000000-0000-0000-0000-000000000003','00000000-0000-0000-0000-000000000005']::UUID[],
 'ON_TRACK', 'BALANCED', 'HEALTHY', 10, 10, 200000000, 'KRW', '#002C5F'),

('p7', 'WFP x HMG 다큐멘터리', 'WFP x 현대자동차그룹', 'COMPLETED', 'EXECUTION', 'HIGH',
 '2025-05-01', '2025-08-31', 'WFP x 현대자동차그룹 다큐멘터리 영상 제작', 100,
 '00000000-0000-0000-0000-000000000003',
 ARRAY['00000000-0000-0000-0000-000000000003','00000000-0000-0000-0000-000000000002','00000000-0000-0000-0000-000000000005']::UUID[],
 'ON_TRACK', 'OVERLOADED', 'TIGHT', 15, 15, 551200000, 'KRW', '#0066CC'),

('p8', '디에이치 브랜드 10주년 기념 헤리티지 영상', '현대건설', 'COMPLETED', 'EXECUTION', 'HIGH',
 '2025-05-01', '2025-07-31', '디에이치 브랜드 10주년 기념 헤리티지 영상', 100,
 '00000000-0000-0000-0000-000000000002',
 ARRAY['00000000-0000-0000-0000-000000000002','00000000-0000-0000-0000-000000000004']::UUID[],
 'ON_TRACK', 'BALANCED', 'HEALTHY', 10, 10, 171500000, 'KRW', '#00B388'),

('p9', 'iH 22주년 헤리티지필름', '인천도시공사', 'COMPLETED', 'EXECUTION', 'MEDIUM',
 '2025-06-01', '2025-08-31', 'iH 인천도시공사 22주년 헤리티지 필름', 100,
 '00000000-0000-0000-0000-000000000002',
 ARRAY['00000000-0000-0000-0000-000000000002','00000000-0000-0000-0000-000000000003']::UUID[],
 'ON_TRACK', 'BALANCED', 'HEALTHY', 9, 9, 130000000, 'KRW', '#FF6F00'),

('p10', '현대자동차 셔클 홍보영상', '현대자동차', 'COMPLETED', 'EXECUTION', 'HIGH',
 '2025-07-01', '2025-09-30', '현대자동차 셔클 홍보영상', 100,
 '00000000-0000-0000-0000-000000000003',
 ARRAY['00000000-0000-0000-0000-000000000003','00000000-0000-0000-0000-000000000002','00000000-0000-0000-0000-000000000004']::UUID[],
 'ON_TRACK', 'BALANCED', 'HEALTHY', 12, 12, 275813400, 'KRW', '#003580'),

('p11', '현대건설 네오리빙 홍보영상', '현대건설', 'COMPLETED', 'EXECUTION', 'HIGH',
 '2025-07-01', '2025-10-15', '현대건설 네오리빙 홍보영상 제작', 100,
 '00000000-0000-0000-0000-000000000002',
 ARRAY['00000000-0000-0000-0000-000000000002','00000000-0000-0000-0000-000000000003','00000000-0000-0000-0000-000000000004']::UUID[],
 'ON_TRACK', 'OVERLOADED', 'TIGHT', 14, 14, 299700000, 'KRW', '#00897B'),

('p12', '광복 80주년 CSR캠페인', '현대자동차그룹', 'COMPLETED', 'EXECUTION', 'HIGH',
 '2025-08-01', '2025-08-15', '광복 80주년 CSR 캠페인 영상', 100,
 '00000000-0000-0000-0000-000000000003',
 ARRAY['00000000-0000-0000-0000-000000000003','00000000-0000-0000-0000-000000000005']::UUID[],
 'ON_TRACK', 'BALANCED', 'HEALTHY', 8, 8, 100000000, 'KRW', '#C62828'),

('p13', 'PYLER IR 영상 제작', 'PYLER', 'COMPLETED', 'EXECUTION', 'MEDIUM',
 '2025-09-01', '2025-10-31', 'PYLER IR 영상 제작', 100,
 '00000000-0000-0000-0000-000000000004',
 ARRAY['00000000-0000-0000-0000-000000000004','00000000-0000-0000-0000-000000000002']::UUID[],
 'ON_TRACK', 'BALANCED', 'HEALTHY', 6, 6, 50000000, 'KRW', '#9C27B0'),

('p14', '두바이 K 할랄 푸드', 'K-Halal', 'COMPLETED', 'EXECUTION', 'LOW',
 '2025-10-01', '2025-11-30', '두바이 K 할랄 푸드 홍보 영상', 100,
 '00000000-0000-0000-0000-000000000002',
 ARRAY['00000000-0000-0000-0000-000000000002']::UUID[],
 'ON_TRACK', 'BALANCED', 'HEALTHY', 4, 4, 20672119, 'KRW', '#E91E63'),

('p15', 'UWB 기술 홍보 영상', '현대자동차그룹', 'COMPLETED', 'EXECUTION', 'HIGH',
 '2025-11-01', '2025-12-31', 'UWB 기술 홍보 영상 제작', 100,
 '00000000-0000-0000-0000-000000000003',
 ARRAY['00000000-0000-0000-0000-000000000003','00000000-0000-0000-0000-000000000002','00000000-0000-0000-0000-000000000005']::UUID[],
 'ON_TRACK', 'BALANCED', 'HEALTHY', 10, 10, 283690000, 'KRW', '#1565C0'),

('p16', '현대위아 HEV 기능통합 냉각 시스템 기술영상', '현대위아', 'COMPLETED', 'EXECUTION', 'MEDIUM',
 '2025-11-01', '2025-12-15', '현대위아 HEV 기능통합 냉각 시스템 기술영상', 100,
 '00000000-0000-0000-0000-000000000002',
 ARRAY['00000000-0000-0000-0000-000000000002','00000000-0000-0000-0000-000000000004']::UUID[],
 'ON_TRACK', 'BALANCED', 'HEALTHY', 7, 7, 61000000, 'KRW', '#607D8B'),

('p17', '현대 글로비스 오토벨 홍보영상', '현대글로비스', 'COMPLETED', 'EXECUTION', 'MEDIUM',
 '2025-12-01', '2026-01-31', '현대글로비스 오토벨 홍보영상 제작', 100,
 '00000000-0000-0000-0000-000000000002',
 ARRAY['00000000-0000-0000-0000-000000000002','00000000-0000-0000-0000-000000000003']::UUID[],
 'ON_TRACK', 'BALANCED', 'HEALTHY', 6, 6, 56500000, 'KRW', '#0D47A1'),

('p18', '현대자동차 울산신공장 홍보영상', '현대자동차', 'COMPLETED', 'EXECUTION', 'HIGH',
 '2025-12-01', '2026-02-28', '현대자동차 울산신공장 홍보영상 (선금)', 100,
 '00000000-0000-0000-0000-000000000003',
 ARRAY['00000000-0000-0000-0000-000000000003','00000000-0000-0000-0000-000000000002','00000000-0000-0000-0000-000000000005']::UUID[],
 'ON_TRACK', 'BALANCED', 'HEALTHY', 5, 5, 186900000, 'KRW', '#263238'),

('p19', '필러미학 행사 스케치 쇼츠 영상', '필러미학', 'COMPLETED', 'EXECUTION', 'LOW',
 '2025-12-01', '2025-12-31', '필러미학 행사 스케치 쇼츠 영상 제작', 100,
 '00000000-0000-0000-0000-000000000004',
 ARRAY['00000000-0000-0000-0000-000000000004']::UUID[],
 'ON_TRACK', 'BALANCED', 'HEALTHY', 3, 3, 15100000, 'KRW', '#FF9800')
ON CONFLICT (id) DO NOTHING;

-- ============================================
-- PROJECT MILESTONES
-- ============================================
INSERT INTO project_milestones (project_id, title, completed, order_no) VALUES
('p1', '기획 승인', true, 1),
('p1', '촬영', true, 2),
('p1', '후반작업', true, 3),
('p1', '최종 납품', true, 4),
('p7', '기획 및 리서치', true, 1),
('p7', '해외 촬영', true, 2),
('p7', '편집 및 후반', true, 3),
('p7', '최종 납품', true, 4),
('p10', '기획 및 시나리오', true, 1),
('p10', '촬영', true, 2),
('p10', '후반작업', true, 3),
('p11', '기획', true, 1),
('p11', '촬영', true, 2),
('p11', '편집', true, 3),
('p11', '최종 납품', true, 4);

-- ============================================
-- CALENDAR EVENTS
-- ============================================
INSERT INTO calendar_events (title, type, start_at, end_at, project_id, owner_id, source) VALUES
('현대글로비스 킥오프 미팅', 'MEETING', '2025-01-06', '2025-01-06', 'p1', '00000000-0000-0000-0000-000000000001', 'PAULUS'),
('HMG 배터리데이 촬영', 'TASK', '2025-03-15', '2025-03-17', 'p6', '00000000-0000-0000-0000-000000000003', 'PAULUS'),
('WFP 다큐멘터리 해외 촬영', 'TASK', '2025-05-10', '2025-05-20', 'p7', '00000000-0000-0000-0000-000000000003', 'PAULUS'),
('디에이치 헤리티지 영상 납품', 'DELIVERY', '2025-07-25', '2025-07-25', 'p8', '00000000-0000-0000-0000-000000000002', 'PAULUS'),
('셔클 홍보영상 클라이언트 시사', 'PT', '2025-09-15', '2025-09-15', 'p10', '00000000-0000-0000-0000-000000000003', 'PAULUS'),
('광복 80주년 캠페인 공개', 'DEADLINE', '2025-08-15', '2025-08-15', 'p12', '00000000-0000-0000-0000-000000000003', 'PAULUS'),
('UWB 기술영상 최종 납품', 'DELIVERY', '2025-12-20', '2025-12-20', 'p15', '00000000-0000-0000-0000-000000000003', 'PAULUS'),
('네오리빙 홍보영상 촬영', 'TASK', '2025-08-05', '2025-08-08', 'p11', '00000000-0000-0000-0000-000000000002', 'PAULUS');

-- ============================================
-- CHAT MESSAGES
-- ============================================
INSERT INTO chat_messages (project_id, user_id, content, created_at) VALUES
('p1', '00000000-0000-0000-0000-000000000001', '현대글로비스 브랜드필름 최종본 업로드 완료', '2025-03-20'),
('p1', '00000000-0000-0000-0000-000000000002', '클라이언트 최종 확인 완료. 수고하셨습니다!', '2025-03-25'),
('p7', '00000000-0000-0000-0000-000000000003', 'WFP 다큐멘터리 현지 촬영 완료, 후반작업 진행합니다', '2025-06-01'),
('p10', '00000000-0000-0000-0000-000000000003', '셔클 홍보영상 최종 수정본 전달드립니다', '2025-09-10'),
('p11', '00000000-0000-0000-0000-000000000002', '네오리빙 홍보영상 촬영 완료', '2025-08-08');

-- ============================================
-- FILE GROUPS
-- ============================================
INSERT INTO file_groups (id, project_id, category, title) VALUES
('fg1', 'p1', 'DECK', '기획안'),
('fg2', 'p1', 'FINAL', '최종 납품물'),
('fg3', 'p1', 'CONTRACT', '계약서'),
('fg4', 'p7', 'DECK', '기획안'),
('fg5', 'p7', 'FINAL', '최종 납품물'),
('fg6', 'p10', 'DECK', '기획안');

-- ============================================
-- FILE ITEMS
-- ============================================
INSERT INTO file_items (file_group_id, name, uploaded_by, size, type, created_at) VALUES
('fg1', '현대글로비스_브랜드필름_기획안_v3.pdf', '00000000-0000-0000-0000-000000000001', '4.2 MB', 'pdf', '2025-01-10'),
('fg2', '현대글로비스_메인영상_Final.mp4', '00000000-0000-0000-0000-000000000002', '1.2 GB', 'video', '2025-03-25'),
('fg3', '현대글로비스_계약서_2025.pdf', '00000000-0000-0000-0000-000000000001', '2.1 MB', 'pdf', '2025-01-03'),
('fg4', 'WFP_HMG_다큐멘터리_기획안.pdf', '00000000-0000-0000-0000-000000000003', '8.7 MB', 'pdf', '2025-05-05'),
('fg5', 'WFP_HMG_다큐멘터리_Final.mp4', '00000000-0000-0000-0000-000000000003', '3.5 GB', 'video', '2025-08-20');

-- ============================================
-- PERFORMANCE SNAPSHOTS
-- ============================================
INSERT INTO performance_snapshots (user_id, period, total_score, financial_score, peer_score, rank, calculated_at) VALUES
('00000000-0000-0000-0000-000000000001', '2025-10', 91, 66, 25, 1, '2025-10-31'),
('00000000-0000-0000-0000-000000000001', '2025-11', 89, 64, 25, 1, '2025-11-30'),
('00000000-0000-0000-0000-000000000001', '2025-12', 93, 68, 25, 1, '2025-12-31'),
('00000000-0000-0000-0000-000000000002', '2025-12', 88, 62, 26, 2, '2025-12-31'),
('00000000-0000-0000-0000-000000000003', '2025-12', 85, 58, 27, 3, '2025-12-31');

-- ============================================
-- PORTFOLIO ITEMS
-- ============================================
INSERT INTO portfolio_items (user_id, project_id, project_title, client, role, completed_at) VALUES
('00000000-0000-0000-0000-000000000001', 'p1', '현대글로비스 메인영상 / 브랜드필름 제작', '현대글로비스', 'Creative Director', '2025-03-31'),
('00000000-0000-0000-0000-000000000003', 'p7', 'WFP x HMG 다큐멘터리', 'WFP x 현대자동차그룹', 'Director', '2025-08-31'),
('00000000-0000-0000-0000-000000000003', 'p10', '현대자동차 셔클 홍보영상', '현대자동차', 'Director', '2025-09-30'),
('00000000-0000-0000-0000-000000000002', 'p8', '디에이치 브랜드 10주년 헤리티지 영상', '현대건설', 'Producer', '2025-07-31'),
('00000000-0000-0000-0000-000000000002', 'p11', '현대건설 네오리빙 홍보영상', '현대건설', 'Producer', '2025-10-15');

-- ============================================
-- PEER FEEDBACK
-- ============================================
INSERT INTO peer_feedback (project_id, from_user_id, to_user_id, rating, comment, created_at) VALUES
('p1', '00000000-0000-0000-0000-000000000002', '00000000-0000-0000-0000-000000000001', 5, '탁월한 프로젝트 리딩', '2025-04-01'),
('p7', '00000000-0000-0000-0000-000000000005', '00000000-0000-0000-0000-000000000003', 5, '뛰어난 연출력', '2025-09-01'),
('p10', '00000000-0000-0000-0000-000000000002', '00000000-0000-0000-0000-000000000003', 5, '완벽한 결과물', '2025-10-01'),
('p8', '00000000-0000-0000-0000-000000000004', '00000000-0000-0000-0000-000000000002', 4, '원활한 프로덕션 진행', '2025-08-01'),
('p11', '00000000-0000-0000-0000-000000000003', '00000000-0000-0000-0000-000000000002', 5, '훌륭한 협업', '2025-10-20');

-- ============================================
-- PROJECT CONTRIBUTIONS
-- ============================================
INSERT INTO project_contributions (project_id, user_id, contribution_rate, contribution_value, calculated_at) VALUES
('p1', '00000000-0000-0000-0000-000000000001', 0.40, 200360000, '2025-03-31'),
('p1', '00000000-0000-0000-0000-000000000002', 0.35, 175315000, '2025-03-31'),
('p1', '00000000-0000-0000-0000-000000000003', 0.25, 125225000, '2025-03-31'),
('p7', '00000000-0000-0000-0000-000000000003', 0.45, 248040000, '2025-08-31'),
('p7', '00000000-0000-0000-0000-000000000002', 0.30, 165360000, '2025-08-31'),
('p7', '00000000-0000-0000-0000-000000000005', 0.25, 137800000, '2025-08-31'),
('p10', '00000000-0000-0000-0000-000000000003', 0.40, 110325360, '2025-09-30'),
('p10', '00000000-0000-0000-0000-000000000002', 0.35, 96534690, '2025-09-30'),
('p10', '00000000-0000-0000-0000-000000000004', 0.25, 68953350, '2025-09-30');
