-- =====================================================
-- SEED DATA MIGRATION
-- mock 데이터를 실제 DB에 삽입
-- profiles, projects, project_financials, annual_financials
-- 각 프로젝트에 기본 채팅방 + 멤버 자동 생성 (트리거에 의해)
-- Version: 2026.02.11
-- =====================================================

-- pgcrypto 확장 (crypt/gen_salt 사용에 필요)
CREATE EXTENSION IF NOT EXISTS pgcrypto;

-- =====================================================
-- 1. AUTH USERS + PROFILES (5명)
-- profiles.id는 auth.users(id) FK 참조이므로 auth.users에 먼저 생성
-- id는 UUID 고정값 사용 (mock u1-u5 매핑)
-- =====================================================

-- auth.users에 시드 유저 생성 (handle_new_user 트리거가 profiles 자동 생성)
-- 트리거가 생성한 profiles는 이후 UPDATE로 덮어씀
INSERT INTO auth.users (
    id, instance_id, aud, role, email, encrypted_password,
    email_confirmed_at, created_at, updated_at,
    raw_app_meta_data, raw_user_meta_data, confirmation_token
) VALUES
    ('00000000-0000-0000-0000-000000000001', '00000000-0000-0000-0000-000000000000', 'authenticated', 'authenticated',
     'kyungsin@paulus.pro', crypt('seed-password-001', gen_salt('bf')),
     NOW(), NOW(), NOW(),
     '{"provider":"email","providers":["email"]}'::jsonb, '{"name":"김경신"}'::jsonb, ''),
    ('00000000-0000-0000-0000-000000000002', '00000000-0000-0000-0000-000000000000', 'authenticated', 'authenticated',
     'yohan@paulus.pro', crypt('seed-password-002', gen_salt('bf')),
     NOW(), NOW(), NOW(),
     '{"provider":"email","providers":["email"]}'::jsonb, '{"name":"장요한"}'::jsonb, ''),
    ('00000000-0000-0000-0000-000000000003', '00000000-0000-0000-0000-000000000000', 'authenticated', 'authenticated',
     'mingyu@paulus.pro', crypt('seed-password-003', gen_salt('bf')),
     NOW(), NOW(), NOW(),
     '{"provider":"email","providers":["email"]}'::jsonb, '{"name":"박민규"}'::jsonb, ''),
    ('00000000-0000-0000-0000-000000000004', '00000000-0000-0000-0000-000000000000', 'authenticated', 'authenticated',
     'songhee@paulus.pro', crypt('seed-password-004', gen_salt('bf')),
     NOW(), NOW(), NOW(),
     '{"provider":"email","providers":["email"]}'::jsonb, '{"name":"백송희"}'::jsonb, ''),
    ('00000000-0000-0000-0000-000000000005', '00000000-0000-0000-0000-000000000000', 'authenticated', 'authenticated',
     'wonjun@paulus.pro', crypt('seed-password-005', gen_salt('bf')),
     NOW(), NOW(), NOW(),
     '{"provider":"email","providers":["email"]}'::jsonb, '{"name":"홍원준"}'::jsonb, '')
ON CONFLICT (id) DO NOTHING;

-- auth.identities도 생성 (이메일 로그인에 필요)
INSERT INTO auth.identities (
    id, user_id, provider_id, provider, identity_data, last_sign_in_at, created_at, updated_at
) VALUES
    ('00000000-0000-0000-0000-000000000001', '00000000-0000-0000-0000-000000000001', 'kyungsin@paulus.pro', 'email',
     '{"sub":"00000000-0000-0000-0000-000000000001","email":"kyungsin@paulus.pro"}'::jsonb, NOW(), NOW(), NOW()),
    ('00000000-0000-0000-0000-000000000002', '00000000-0000-0000-0000-000000000002', 'yohan@paulus.pro', 'email',
     '{"sub":"00000000-0000-0000-0000-000000000002","email":"yohan@paulus.pro"}'::jsonb, NOW(), NOW(), NOW()),
    ('00000000-0000-0000-0000-000000000003', '00000000-0000-0000-0000-000000000003', 'mingyu@paulus.pro', 'email',
     '{"sub":"00000000-0000-0000-0000-000000000003","email":"mingyu@paulus.pro"}'::jsonb, NOW(), NOW(), NOW()),
    ('00000000-0000-0000-0000-000000000004', '00000000-0000-0000-0000-000000000004', 'songhee@paulus.pro', 'email',
     '{"sub":"00000000-0000-0000-0000-000000000004","email":"songhee@paulus.pro"}'::jsonb, NOW(), NOW(), NOW()),
    ('00000000-0000-0000-0000-000000000005', '00000000-0000-0000-0000-000000000005', 'wonjun@paulus.pro', 'email',
     '{"sub":"00000000-0000-0000-0000-000000000005","email":"wonjun@paulus.pro"}'::jsonb, NOW(), NOW(), NOW())
ON CONFLICT (id) DO NOTHING;

-- handle_new_user 트리거가 profiles를 자동 생성하지만,
-- role/department/work_status를 올바르게 설정하기 위해 UPDATE
UPDATE profiles SET name = '김경신', avatar = '', role = 'ADMIN', department = 'Management', work_status = 'AT_WORK'
    WHERE id = '00000000-0000-0000-0000-000000000001';
UPDATE profiles SET name = '장요한', avatar = '', role = 'MANAGER', department = 'Production', work_status = 'AT_WORK'
    WHERE id = '00000000-0000-0000-0000-000000000002';
UPDATE profiles SET name = '박민규', avatar = '', role = 'MANAGER', department = 'Production', work_status = 'AT_WORK'
    WHERE id = '00000000-0000-0000-0000-000000000003';
UPDATE profiles SET name = '백송희', avatar = '', role = 'MEMBER', department = 'Production', work_status = 'AT_WORK'
    WHERE id = '00000000-0000-0000-0000-000000000004';
UPDATE profiles SET name = '홍원준', avatar = '', role = 'MEMBER', department = 'Production', work_status = 'AT_WORK'
    WHERE id = '00000000-0000-0000-0000-000000000005';

-- =====================================================
-- 2. PROJECTS (31개)
-- 기본 채팅방은 trigger_create_default_chat_room에 의해 자동 생성됨
-- 팀 멤버는 trigger_sync_default_room_members에 의해 기본방에 자동 추가됨
-- =====================================================

-- UUID 매핑: u1→...001, u2→...002, ...
-- p1-p31은 새 UUID 자동 생성

INSERT INTO projects (
    id, title, client, status, type, priority,
    start_date, end_date, description, progress,
    pm_id, team_member_ids, last_activity_at,
    health_schedule, health_workload, health_budget,
    tasks_completed, tasks_total, budget, key_color
) VALUES
-- p1: 현대글로비스 메인영상
('10000000-0000-0000-0000-000000000001',
 '현대글로비스 메인영상 / 브랜드필름 제작', '현대글로비스', 'COMPLETED', 'EXECUTION', 'HIGH',
 '2025-01-01', '2025-03-31', '현대글로비스 메인영상 및 브랜드필름 제작 프로젝트', 100,
 '00000000-0000-0000-0000-000000000001',
 ARRAY['00000000-0000-0000-0000-000000000001','00000000-0000-0000-0000-000000000002','00000000-0000-0000-0000-000000000003']::UUID[],
 '2025-03-31', 'ON_TRACK', 'BALANCED', 'HEALTHY', 12, 12, 250450000, '#002E6E'),

-- p2: 현대글로비스 2025 홍보영상 리뉴얼
('10000000-0000-0000-0000-000000000002',
 '현대글로비스 2025 홍보영상 리뉴얼', '현대글로비스', 'COMPLETED', 'EXECUTION', 'MEDIUM',
 '2025-01-01', '2025-02-28', '현대글로비스 홍보영상 리뉴얼 프로젝트', 100,
 '00000000-0000-0000-0000-000000000001',
 ARRAY['00000000-0000-0000-0000-000000000001','00000000-0000-0000-0000-000000000002']::UUID[],
 '2025-02-28', 'ON_TRACK', 'BALANCED', 'HEALTHY', 6, 6, 27700000, '#1A3D7C'),

-- p3: 탄소발자국이 적은 지속 가능한 미국대두
('10000000-0000-0000-0000-000000000003',
 '탄소발자국이 적은 지속 가능한 미국대두', 'US Soy', 'COMPLETED', 'EXECUTION', 'MEDIUM',
 '2025-01-01', '2025-03-15', '미국대두 지속가능성 홍보영상 제작', 100,
 '00000000-0000-0000-0000-000000000002',
 ARRAY['00000000-0000-0000-0000-000000000002','00000000-0000-0000-0000-000000000003']::UUID[],
 '2025-03-15', 'ON_TRACK', 'BALANCED', 'HEALTHY', 8, 8, 80000000, '#4CAF50'),

-- p4: 국가대표 나라장터
('10000000-0000-0000-0000-000000000004',
 '국가대표 나라장터, 한계를 넘다', '조달청', 'COMPLETED', 'EXECUTION', 'MEDIUM',
 '2025-02-01', '2025-04-30', '나라장터 홍보 캠페인 영상', 100,
 '00000000-0000-0000-0000-000000000002',
 ARRAY['00000000-0000-0000-0000-000000000002','00000000-0000-0000-0000-000000000004']::UUID[],
 '2025-04-30', 'ON_TRACK', 'BALANCED', 'HEALTHY', 7, 7, 45454545, '#1976D2'),

-- p5: McCain Corporate Campaign
('10000000-0000-0000-0000-000000000005',
 'McCain Corporate Campaign', 'McCain', 'COMPLETED', 'EXECUTION', 'MEDIUM',
 '2025-03-01', '2025-05-31', 'McCain 글로벌 기업 캠페인 영상 제작', 100,
 '00000000-0000-0000-0000-000000000002',
 ARRAY['00000000-0000-0000-0000-000000000002','00000000-0000-0000-0000-000000000003']::UUID[],
 '2025-05-31', 'ON_TRACK', 'BALANCED', 'HEALTHY', 6, 6, 56698000, '#D32F2F'),

-- p6: HMG 배터리데이
('10000000-0000-0000-0000-000000000006',
 'HMG 배터리데이', '현대자동차그룹', 'COMPLETED', 'EXECUTION', 'HIGH',
 '2025-03-01', '2025-04-15', '현대자동차그룹 배터리데이 행사 영상 제작', 100,
 '00000000-0000-0000-0000-000000000003',
 ARRAY['00000000-0000-0000-0000-000000000003','00000000-0000-0000-0000-000000000005']::UUID[],
 '2025-04-15', 'ON_TRACK', 'BALANCED', 'HEALTHY', 10, 10, 200000000, '#002C5F'),

-- p7: WFP x HMG 다큐멘터리
('10000000-0000-0000-0000-000000000007',
 'WFP x HMG 다큐멘터리', 'WFP x 현대자동차그룹', 'COMPLETED', 'EXECUTION', 'HIGH',
 '2025-05-01', '2025-08-31', 'WFP x 현대자동차그룹 다큐멘터리 영상 제작', 100,
 '00000000-0000-0000-0000-000000000003',
 ARRAY['00000000-0000-0000-0000-000000000003','00000000-0000-0000-0000-000000000002','00000000-0000-0000-0000-000000000005']::UUID[],
 '2025-08-31', 'ON_TRACK', 'OVERLOADED', 'TIGHT', 15, 15, 551200000, '#0066CC'),

-- p8: 디에이치 브랜드 10주년
('10000000-0000-0000-0000-000000000008',
 E'디에이치 브랜드 10주년 기념 헤리티지 영상 \'기억이 춤추는 공간\'', '현대건설', 'COMPLETED', 'EXECUTION', 'HIGH',
 '2025-05-01', '2025-07-31', '디에이치 브랜드 10주년 기념 헤리티지 영상', 100,
 '00000000-0000-0000-0000-000000000002',
 ARRAY['00000000-0000-0000-0000-000000000002','00000000-0000-0000-0000-000000000004']::UUID[],
 '2025-07-31', 'ON_TRACK', 'BALANCED', 'HEALTHY', 10, 10, 171500000, '#00B388'),

-- p9: iH 22주년 헤리티지필름
('10000000-0000-0000-0000-000000000009',
 E'iH 22주년 헤리티지필름 \'기억이 피어나는 공간\'', '인천도시공사', 'COMPLETED', 'EXECUTION', 'MEDIUM',
 '2025-06-01', '2025-08-31', 'iH 인천도시공사 22주년 헤리티지 필름', 100,
 '00000000-0000-0000-0000-000000000002',
 ARRAY['00000000-0000-0000-0000-000000000002','00000000-0000-0000-0000-000000000003']::UUID[],
 '2025-08-31', 'ON_TRACK', 'BALANCED', 'HEALTHY', 9, 9, 130000000, '#FF6F00'),

-- p10: 현대자동차 셔클 홍보영상
('10000000-0000-0000-0000-000000000010',
 E'현대자동차 셔클 홍보영상 \'Broaden your circle : Shucle\'', '현대자동차', 'COMPLETED', 'EXECUTION', 'HIGH',
 '2025-07-01', '2025-09-30', '현대자동차 셔클 홍보영상', 100,
 '00000000-0000-0000-0000-000000000003',
 ARRAY['00000000-0000-0000-0000-000000000003','00000000-0000-0000-0000-000000000002','00000000-0000-0000-0000-000000000004']::UUID[],
 '2025-09-30', 'ON_TRACK', 'BALANCED', 'HEALTHY', 12, 12, 275813400, '#003580'),

-- p11: 현대건설 네오리빙 홍보영상
('10000000-0000-0000-0000-000000000011',
 E'현대건설 네오리빙 홍보영상 \'Here, you compose life\'', '현대건설', 'COMPLETED', 'EXECUTION', 'HIGH',
 '2025-07-01', '2025-10-15', '현대건설 네오리빙 홍보영상 제작', 100,
 '00000000-0000-0000-0000-000000000002',
 ARRAY['00000000-0000-0000-0000-000000000002','00000000-0000-0000-0000-000000000003','00000000-0000-0000-0000-000000000004']::UUID[],
 '2025-10-15', 'ON_TRACK', 'OVERLOADED', 'TIGHT', 14, 14, 299700000, '#00897B'),

-- p12: 광복 80주년 CSR캠페인
('10000000-0000-0000-0000-000000000012',
 '광복 80주년 CSR캠페인', '현대자동차그룹', 'COMPLETED', 'EXECUTION', 'HIGH',
 '2025-08-01', '2025-08-15', '광복 80주년 CSR 캠페인 영상', 100,
 '00000000-0000-0000-0000-000000000003',
 ARRAY['00000000-0000-0000-0000-000000000003','00000000-0000-0000-0000-000000000005']::UUID[],
 '2025-08-15', 'ON_TRACK', 'BALANCED', 'HEALTHY', 8, 8, 100000000, '#C62828'),

-- p13: PYLER IR 영상 제작
('10000000-0000-0000-0000-000000000013',
 'PYLER IR 영상 제작', 'PYLER', 'COMPLETED', 'EXECUTION', 'MEDIUM',
 '2025-09-01', '2025-10-31', 'PYLER IR 영상 제작', 100,
 '00000000-0000-0000-0000-000000000004',
 ARRAY['00000000-0000-0000-0000-000000000004','00000000-0000-0000-0000-000000000002']::UUID[],
 '2025-10-31', 'ON_TRACK', 'BALANCED', 'HEALTHY', 6, 6, 50000000, '#9C27B0'),

-- p14: 두바이 K 할랄 푸드
('10000000-0000-0000-0000-000000000014',
 '두바이 K 할랄 푸드', 'K-Halal', 'COMPLETED', 'EXECUTION', 'LOW',
 '2025-10-01', '2025-11-30', '두바이 K 할랄 푸드 홍보 영상', 100,
 '00000000-0000-0000-0000-000000000002',
 ARRAY['00000000-0000-0000-0000-000000000002']::UUID[],
 '2025-11-30', 'ON_TRACK', 'BALANCED', 'HEALTHY', 4, 4, 20672119, '#E91E63'),

-- p15: UWB 기술 홍보 영상
('10000000-0000-0000-0000-000000000015',
 'UWB 기술 홍보 영상', '현대자동차그룹', 'COMPLETED', 'EXECUTION', 'HIGH',
 '2025-11-01', '2025-12-31', 'UWB 기술 홍보 영상 제작', 100,
 '00000000-0000-0000-0000-000000000003',
 ARRAY['00000000-0000-0000-0000-000000000003','00000000-0000-0000-0000-000000000002','00000000-0000-0000-0000-000000000005']::UUID[],
 '2025-12-31', 'ON_TRACK', 'BALANCED', 'HEALTHY', 10, 10, 283690000, '#1565C0'),

-- p16: 현대위아 HEV 기술영상
('10000000-0000-0000-0000-000000000016',
 '현대위아 HEV 기능통합 냉각 시스템 기술영상', '현대위아', 'COMPLETED', 'EXECUTION', 'MEDIUM',
 '2025-11-01', '2025-12-15', '현대위아 HEV 기능통합 냉각 시스템 기술영상', 100,
 '00000000-0000-0000-0000-000000000002',
 ARRAY['00000000-0000-0000-0000-000000000002','00000000-0000-0000-0000-000000000004']::UUID[],
 '2025-12-15', 'ON_TRACK', 'BALANCED', 'HEALTHY', 7, 7, 61000000, '#607D8B'),

-- p17: 현대 글로비스 오토벨 홍보영상
('10000000-0000-0000-0000-000000000017',
 '현대 글로비스 오토벨 홍보영상', '현대글로비스', 'COMPLETED', 'EXECUTION', 'MEDIUM',
 '2025-12-01', '2026-01-31', '현대글로비스 오토벨 홍보영상 제작', 100,
 '00000000-0000-0000-0000-000000000002',
 ARRAY['00000000-0000-0000-0000-000000000002','00000000-0000-0000-0000-000000000003']::UUID[],
 '2026-01-31', 'ON_TRACK', 'BALANCED', 'HEALTHY', 6, 6, 56500000, '#0D47A1'),

-- p18: 현대자동차 울산신공장 홍보영상
('10000000-0000-0000-0000-000000000018',
 '현대자동차 울산신공장 홍보영상', '현대자동차', 'COMPLETED', 'EXECUTION', 'HIGH',
 '2025-12-01', '2026-02-28', '현대자동차 울산신공장 홍보영상 (선금)', 100,
 '00000000-0000-0000-0000-000000000003',
 ARRAY['00000000-0000-0000-0000-000000000003','00000000-0000-0000-0000-000000000002','00000000-0000-0000-0000-000000000005']::UUID[],
 '2026-01-15', 'ON_TRACK', 'BALANCED', 'HEALTHY', 5, 5, 186900000, '#263238'),

-- p19: 필러미학 행사 스케치 쇼츠 영상
('10000000-0000-0000-0000-000000000019',
 '필러미학 행사 스케치 쇼츠 영상', '필러미학', 'COMPLETED', 'EXECUTION', 'LOW',
 '2025-12-01', '2025-12-31', '필러미학 행사 스케치 쇼츠 영상 제작', 100,
 '00000000-0000-0000-0000-000000000004',
 ARRAY['00000000-0000-0000-0000-000000000004']::UUID[],
 '2025-12-31', 'ON_TRACK', 'BALANCED', 'HEALTHY', 3, 3, 15100000, '#FF9800'),

-- p20: 현대자동차그룹 제품PR 운영 (2025)
('10000000-0000-0000-0000-000000000020',
 '현대자동차그룹 제품PR 운영 (2025)', '현대자동차그룹', 'COMPLETED', 'EXECUTION', 'HIGH',
 '2025-03-01', '2025-12-31', '현대자동차그룹 제품PR 운영비 (현대/기아 1~4분기 정산 + 타스만 월 리디자인 포함)', 100,
 '00000000-0000-0000-0000-000000000001',
 ARRAY['00000000-0000-0000-0000-000000000001','00000000-0000-0000-0000-000000000002','00000000-0000-0000-0000-000000000003']::UUID[],
 '2025-12-31', 'ON_TRACK', 'OVERLOADED', 'HEALTHY', 20, 20, 1340764798, '#002C5F'),

-- p21: 기아 PV5 테크데이
('10000000-0000-0000-0000-000000000021',
 '기아 PV5 테크데이 (별도예산)', '현대자동차그룹/기아', 'COMPLETED', 'EXECUTION', 'HIGH',
 '2025-07-01', '2025-08-31', '기아 PV5 테크데이 별도 예산 프로젝트', 100,
 '00000000-0000-0000-0000-000000000003',
 ARRAY['00000000-0000-0000-0000-000000000003','00000000-0000-0000-0000-000000000002','00000000-0000-0000-0000-000000000005']::UUID[],
 '2025-08-31', 'ON_TRACK', 'BALANCED', 'HEALTHY', 10, 10, 324300000, '#05141F'),

-- p22: Corporate Campaign (2025)
('10000000-0000-0000-0000-000000000022',
 'Corporate Campaign (2025)', '현대자동차그룹', 'COMPLETED', 'EXECUTION', 'MEDIUM',
 '2025-03-01', '2025-05-31', 'Corporate Campaign Media Fee, Overtime Fee, KV/Video Adaptation, Bridge Campaign Cancellation Fee 포함', 100,
 '00000000-0000-0000-0000-000000000002',
 ARRAY['00000000-0000-0000-0000-000000000002','00000000-0000-0000-0000-000000000003']::UUID[],
 '2025-05-31', 'ON_TRACK', 'BALANCED', 'HEALTHY', 8, 8, 47407820, '#37474F'),

-- p24: POSM Creative Fee
('10000000-0000-0000-0000-000000000024',
 'POSM Creative Fee', 'POSM', 'COMPLETED', 'EXECUTION', 'LOW',
 '2025-02-01', '2025-03-31', 'POSM Creative Fee', 100,
 '00000000-0000-0000-0000-000000000002',
 ARRAY['00000000-0000-0000-0000-000000000002']::UUID[],
 '2025-03-31', 'ON_TRACK', 'BALANCED', 'HEALTHY', 3, 3, 21829500, '#795548'),

-- p25: LG OLED EVO 시안비
('10000000-0000-0000-0000-000000000025',
 'LG OLED EVO 시안비', 'LG', 'COMPLETED', 'EXECUTION', 'LOW',
 '2025-02-01', '2025-03-15', 'LG OLED EVO 시안비', 100,
 '00000000-0000-0000-0000-000000000002',
 ARRAY['00000000-0000-0000-0000-000000000002']::UUID[],
 '2025-03-15', 'ON_TRACK', 'BALANCED', 'HEALTHY', 2, 2, 20000000, '#A50034'),

-- p26: 현대 CSR 점프스쿨 미디어 수수료
('10000000-0000-0000-0000-000000000026',
 '현대 CSR 점프스쿨 미디어 수수료', '현대자동차그룹', 'COMPLETED', 'EXECUTION', 'LOW',
 '2024-12-01', '2025-01-31', '현대 CSR 점프스쿨 미디어 수수료', 100,
 '00000000-0000-0000-0000-000000000003',
 ARRAY['00000000-0000-0000-0000-000000000003']::UUID[],
 '2025-01-31', 'ON_TRACK', 'BALANCED', 'HEALTHY', 2, 2, 15500000, '#004D40'),

-- p27: 밥아저씨 하이브리드 앱 개발
('10000000-0000-0000-0000-000000000027',
 '밥아저씨 하이브리드 앱 개발', '밥아저씨', 'COMPLETED', 'EXECUTION', 'LOW',
 '2024-12-01', '2025-02-28', '밥아저씨 하이브리드 앱 개발', 100,
 '00000000-0000-0000-0000-000000000004',
 ARRAY['00000000-0000-0000-0000-000000000004']::UUID[],
 '2025-02-28', 'ON_TRACK', 'BALANCED', 'HEALTHY', 5, 5, 13500000, '#FF5722'),

-- p28: 현대자동차 베테랑 교실 미디어 수수료
('10000000-0000-0000-0000-000000000028',
 '현대자동차 베테랑 교실 미디어 수수료', '현대자동차', 'COMPLETED', 'EXECUTION', 'LOW',
 '2025-02-01', '2025-03-31', '현대자동차 베테랑 교실 미디어 수수료', 100,
 '00000000-0000-0000-0000-000000000004',
 ARRAY['00000000-0000-0000-0000-000000000004']::UUID[],
 '2025-03-31', 'ON_TRACK', 'BALANCED', 'HEALTHY', 2, 2, 13000000, '#3F51B5'),

-- p29: 현대건설 광고제 출품료
('10000000-0000-0000-0000-000000000029',
 '현대건설 광고제 출품료', '현대건설', 'COMPLETED', 'EXECUTION', 'LOW',
 '2025-12-01', '2025-12-31', '현대건설 광고제 출품료', 100,
 '00000000-0000-0000-0000-000000000002',
 ARRAY['00000000-0000-0000-0000-000000000002']::UUID[],
 '2025-12-31', 'ON_TRACK', 'BALANCED', 'HEALTHY', 2, 2, 13090000, '#00897B'),

-- p30: 배스킨라빈슨 바나나푸딩아이스크림 AI 영상
('10000000-0000-0000-0000-000000000030',
 '배스킨라빈슨 바나나푸딩아이스크림 AI 영상', '배스킨라빈슨', 'COMPLETED', 'EXECUTION', 'LOW',
 '2025-05-01', '2025-06-30', '배스킨라빈슨 바나나푸딩아이스크림 AI 영상 잔금', 100,
 '00000000-0000-0000-0000-000000000004',
 ARRAY['00000000-0000-0000-0000-000000000004']::UUID[],
 '2025-06-30', 'ON_TRACK', 'BALANCED', 'HEALTHY', 3, 3, 11000000, '#E91E63'),

-- p31: 기타 수수료 및 비딩
('10000000-0000-0000-0000-000000000031',
 '기타 수수료 및 비딩 (2025)', '다수', 'COMPLETED', 'EXECUTION', 'LOW',
 '2025-02-01', '2025-03-31', '삼성전자 비딩 + 환경부 중대시민재해방지법 모델 추가계약료 + Bdan 런칭캠페인영상 기획비', 100,
 '00000000-0000-0000-0000-000000000002',
 ARRAY['00000000-0000-0000-0000-000000000002']::UUID[],
 '2025-03-31', 'ON_TRACK', 'BALANCED', 'HEALTHY', 3, 3, 6000000, '#9E9E9E')

ON CONFLICT (id) DO NOTHING;

-- =====================================================
-- 3. PROJECT FINANCIALS (프로젝트별 재무)
-- =====================================================
INSERT INTO project_financials (project_id, contract_amount, expenses, payment_status, notes) VALUES
('10000000-0000-0000-0000-000000000001', 250450000, 362370925, 'PAID', '실지출 초과'),
('10000000-0000-0000-0000-000000000002', 27700000, 0, 'PAID', NULL),
('10000000-0000-0000-0000-000000000003', 80000000, 29265109, 'PAID', NULL),
('10000000-0000-0000-0000-000000000004', 45454545, 12874160, 'PAID', NULL),
('10000000-0000-0000-0000-000000000005', 56698000, 9211745, 'PAID', NULL),
('10000000-0000-0000-0000-000000000006', 200000000, 6242562, 'PAID', NULL),
('10000000-0000-0000-0000-000000000007', 551200000, 330091505, 'PAID', NULL),
('10000000-0000-0000-0000-000000000008', 171500000, 90533579, 'PAID', NULL),
('10000000-0000-0000-0000-000000000009', 130000000, 50204740, 'PAID', NULL),
('10000000-0000-0000-0000-000000000010', 275813400, 138051192, 'PAID', NULL),
('10000000-0000-0000-0000-000000000011', 299700000, 189232790, 'PAID', NULL),
('10000000-0000-0000-0000-000000000012', 100000000, 19734836, 'PAID', NULL),
('10000000-0000-0000-0000-000000000013', 50000000, 14001371, 'PAID', NULL),
('10000000-0000-0000-0000-000000000014', 20672119, 0, 'PAID', NULL),
('10000000-0000-0000-0000-000000000015', 283690000, 95250936, 'PAID', NULL),
('10000000-0000-0000-0000-000000000016', 61000000, 7510603, 'PAID', NULL),
('10000000-0000-0000-0000-000000000017', 56500000, 12508800, 'PAID', NULL),
('10000000-0000-0000-0000-000000000018', 186900000, 0, 'PAID', '선금'),
('10000000-0000-0000-0000-000000000019', 15100000, 0, 'PAID', NULL),
('10000000-0000-0000-0000-000000000020', 1340764798, 0, 'PAID', '제품PR 운영'),
('10000000-0000-0000-0000-000000000021', 324300000, 0, 'PAID', 'PV5 테크데이'),
('10000000-0000-0000-0000-000000000022', 47407820, 0, 'PAID', 'Corporate Campaign'),
('10000000-0000-0000-0000-000000000024', 21829500, 0, 'PAID', NULL),
('10000000-0000-0000-0000-000000000025', 20000000, 0, 'PAID', NULL),
('10000000-0000-0000-0000-000000000026', 15500000, 0, 'PAID', NULL),
('10000000-0000-0000-0000-000000000027', 13500000, 0, 'PAID', NULL),
('10000000-0000-0000-0000-000000000028', 13000000, 0, 'PAID', NULL),
('10000000-0000-0000-0000-000000000029', 13090000, 0, 'PAID', NULL),
('10000000-0000-0000-0000-000000000030', 11000000, 0, 'PAID', NULL),
('10000000-0000-0000-0000-000000000031', 6000000, 0, 'PAID', NULL)
ON CONFLICT (project_id) DO NOTHING;

-- =====================================================
-- 4. ANNUAL FINANCIALS (연간 손익)
-- JSONB로 상세 구조 저장
-- =====================================================
INSERT INTO annual_financials (fiscal_year, total_revenue, total_expenses, overhead, payroll, production_cost, quarterly_breakdown, notes) VALUES
(2025, 4367593508,
 -- total_expenses = overhead + payroll + production_cost
 1100167210 + 1163474086 + 2064158633,
 1100167210, 1163474086, 2064158633,
 '[
   {"quarter":"Q1","revenue":1091898377,"expenses":831949982},
   {"quarter":"Q2","revenue":1091898377,"expenses":831949982},
   {"quarter":"Q3","revenue":1091898377,"expenses":831949982},
   {"quarter":"Q4","revenue":1091898377,"expenses":831949983}
 ]'::jsonb,
 '2025 실적 (investment: 615,029,240 별도). net_profit 654,822,819. arkworks expense: 271,850,922'),

(2026, 5022732534,
 1023033474 + 879080270 + 2136404185,
 1023033474, 879080270, 2136404185,
 '[
   {"quarter":"Q1","revenue":1255683134,"expenses":1009629482},
   {"quarter":"Q2","revenue":1255683134,"expenses":1009629482},
   {"quarter":"Q3","revenue":1255683134,"expenses":1009629482},
   {"quarter":"Q4","revenue":1255683132,"expenses":1009629483}
 ]'::jsonb,
 '2026 목표. net_profit target: 984,214,605')
ON CONFLICT (fiscal_year) DO NOTHING;
